path,count,mean,std,min,p05,p25,p50,p75,p95,max
gee_lst\Bologna_LST_2013_summer_mean_30m.tif,156437,40.59285354614258,3.5944387912750244,30.160614013671875,33.77961349487305,38.319427490234375,41.157752990722656,43.12379837036133,45.673641204833984,54.60697555541992
gee_lst\Bologna_LST_2013_summer_median_30m.tif,156437,40.71629333496094,3.9589157104492188,29.578866958618164,33.208805084228516,38.08290100097656,41.353946685791016,43.647438049316406,46.22120666503906,55.347320556640625
gee_lst\Bologna_LST_2013_summer_validObsCount_30m.tif,156437,4.998331546783447,0.04219812899827957,3.0,5.0,5.0,5.0,5.0,5.0,5.0
gee_lst\Bologna_LST_2014_summer_mean_30m.tif,156437,34.99509048461914,3.7487728595733643,25.51347541809082,28.5124454498291,32.27482986450195,35.20561218261719,37.7385368347168,40.749813079833984,50.42742156982422
gee_lst\Bologna_LST_2014_summer_median_30m.tif,156437,34.90305709838867,3.6881158351898193,25.948930740356445,28.638912200927734,32.14238357543945,35.116058349609375,37.67273712158203,40.52336883544922,50.10749435424805
gee_lst\Bologna_LST_2014_summer_validObsCount_30m.tif,156437,4.69394063949585,0.4982064962387085,1.0,4.0,4.0,5.0,5.0,5.0,5.0
gee_lst\Bologna_LST_2015_summer_mean_30m.tif,156437,39.69786071777344,3.8799099922180176,28.985271453857422,32.47502136230469,37.11149978637695,40.3463134765625,42.4710693359375,45.16913986206055,53.745635986328125
gee_lst\Bologna_LST_2015_summer_median_30m.tif,156437,40.82763671875,4.388464450836182,30.583765029907227,33.03448486328125,37.50525665283203,41.52826690673828,44.14646911621094,47.13587188720703,55.911293029785156
gee_lst\Bologna_LST_2015_summer_validObsCount_30m.tif,156437,4.850955963134766,0.5345021486282349,2.0,4.0,5.0,5.0,5.0,6.0,6.0
gee_lst\Bologna_LST_2016_summer_mean_30m.tif,156437,38.807071685791016,3.849858045578003,28.37059783935547,32.26064682006836,35.971248626708984,38.98936080932617,41.704864501953125,44.72990417480469,54.93647384643555
gee_lst\Bologna_LST_2016_summer_median_30m.tif,156437,39.416500091552734,4.137624263763428,28.88330078125,32.46709442138672,36.2918586730957,39.573158264160156,42.562217712402344,45.80762481689453,57.042659759521484
gee_lst\Bologna_LST_2016_summer_validObsCount_30m.tif,156437,5.336148262023926,0.4852333664894104,3.0,5.0,5.0,5.0,6.0,6.0,6.0
gee_lst\Bologna_LST_2017_summer_mean_30m.tif,156437,41.39481735229492,3.151341199874878,31.52543067932129,35.26905059814453,39.581703186035156,41.86459732055664,43.544898986816406,45.852745056152344,54.28688049316406
gee_lst\Bologna_LST_2017_summer_median_30m.tif,156437,41.63840866088867,3.2373569011688232,31.315221786499023,35.34506607055664,39.73380661010742,42.11958312988281,43.89524459838867,46.23829650878906,54.61073684692383
gee_lst\Bologna_LST_2017_summer_validObsCount_30m.tif,156437,4.799836158752441,0.4444741904735565,2.0,4.0,5.0,5.0,5.0,5.0,6.0
gee_lst\Bologna_LST_2018_summer_mean_30m.tif,156437,43.03886032104492,4.4840168952941895,30.237689971923828,35.09190368652344,39.58455276489258,43.90606689453125,46.373878479003906,49.31223678588867,63.020774841308594
gee_lst\Bologna_LST_2018_summer_median_30m.tif,156437,42.578147888183594,4.689153671264648,30.952911376953125,34.456382751464844,38.88613510131836,43.230438232421875,46.20411682128906,49.35552978515625,63.020774841308594
gee_lst\Bologna_LST_2018_summer_validObsCount_30m.tif,156437,3.0346977710723877,0.1935381144285202,1.0,3.0,3.0,3.0,3.0,3.0,4.0
gee_lst\Bologna_LST_2019_summer_mean_30m.tif,156428,38.5372200012207,3.676441192626953,27.994274139404297,31.7807559967041,36.0299072265625,39.09668731689453,41.099647521972656,43.875762939453125,52.36338806152344
gee_lst\Bologna_LST_2019_summer_median_30m.tif,156428,39.4744987487793,3.867253541946411,28.929443359375,32.42266082763672,36.691768646240234,40.13713073730469,42.33833694458008,44.966793060302734,53.556278228759766
gee_lst\Bologna_LST_2019_summer_validObsCount_30m.tif,156428,4.91135835647583,0.33293041586875916,1.0,4.0,5.0,5.0,5.0,5.0,6.0
gee_lst\Bologna_LST_2020_summer_mean_30m.tif,156336,39.451210021972656,3.8100461959838867,28.769367218017578,32.39702606201172,36.930885314941406,39.993003845214844,42.180450439453125,45.01478576660156,53.3050537109375
gee_lst\Bologna_LST_2020_summer_median_30m.tif,156336,39.865455627441406,4.10292911529541,28.4851016998291,32.27055740356445,37.0318603515625,40.48748016357422,42.88863754272461,45.77515411376953,53.684452056884766
gee_lst\Bologna_LST_2020_summer_validObsCount_30m.tif,156336,5.792977809906006,0.41953569650650024,1.0,5.0,6.0,6.0,6.0,6.0,6.0
gee_lst\Bologna_LST_2021_summer_mean_30m.tif,156433,41.65538787841797,3.941894292831421,28.209381103515625,34.15952682495117,39.29288101196289,42.19477844238281,44.4028205871582,47.319358825683594,55.764320373535156
gee_lst\Bologna_LST_2021_summer_median_30m.tif,156433,42.726444244384766,3.885918140411377,28.861083984375,35.27670669555664,40.34221267700195,43.47311782836914,45.404300689697266,48.17631530761719,55.62759780883789
gee_lst\Bologna_LST_2021_summer_validObsCount_30m.tif,156433,3.878446340560913,0.7169160842895508,1.0,3.0,3.0,4.0,4.0,5.0,6.0
gee_lst\Bologna_LST_2022_summer_mean_30m.tif,156437,41.05522537231445,3.4888916015625,30.115154266357422,34.476112365722656,38.79726791381836,41.57421875,43.52438735961914,46.210182189941406,54.26637268066406
gee_lst\Bologna_LST_2022_summer_median_30m.tif,156437,41.857112884521484,4.195005416870117,29.595956802368164,34.24959182739258,38.92373275756836,42.29561233520508,45.045406341552734,48.03788375854492,56.71623611450195
gee_lst\Bologna_LST_2022_summer_validObsCount_30m.tif,156437,8.53044319152832,0.8273341059684753,2.0,7.0,8.0,9.0,9.0,10.0,10.0
gee_lst\Bologna_LST_2023_summer_mean_30m.tif,156434,38.74714279174805,4.07804012298584,25.564647674560547,31.25662612915039,35.855064392089844,39.608802795410156,41.667808532714844,44.4296760559082,53.486209869384766
gee_lst\Bologna_LST_2023_summer_median_30m.tif,156434,40.63056564331055,4.597764015197754,26.18819236755371,32.44658660888672,37.0950927734375,41.53510284423828,44.07981872558594,47.137237548828125,54.950828552246094
gee_lst\Bologna_LST_2023_summer_validObsCount_30m.tif,156434,7.366250514984131,0.88057941198349,1.0,6.0,7.0,7.0,8.0,9.0,10.0
gee_lst\Bologna_LST_2024_summer_mean_30m.tif,156437,40.24530029296875,3.640542507171631,30.5379638671875,33.71504211425781,37.65222930908203,40.74793243408203,42.962467193603516,45.45140838623047,53.3409423828125
gee_lst\Bologna_LST_2024_summer_median_30m.tif,156437,40.48256301879883,3.829000234603882,30.568384170532227,33.72492599487305,37.67786407470703,40.933528900146484,43.37057876586914,46.0742301940918,54.0245475769043
gee_lst\Bologna_LST_2024_summer_validObsCount_30m.tif,156437,9.586894035339355,0.5431692004203796,3.0,9.0,9.0,10.0,10.0,10.0,10.0
gee_lst\Bologna_LST_2025_summer_mean_30m.tif,156437,39.09553146362305,3.702382802963257,28.39281463623047,32.40898895263672,36.456302642822266,39.69658660888672,41.780059814453125,44.50155258178711,51.89569091796875
gee_lst\Bologna_LST_2025_summer_median_30m.tif,156437,39.601131439208984,3.993434190750122,29.45581817626953,32.30815505981445,36.725948333740234,40.37297439575195,42.517784118652344,45.22314453125,51.98740768432617
gee_lst\Bologna_LST_2025_summer_validObsCount_30m.tif,156437,8.22097110748291,1.2634857892990112,3.0,6.0,7.0,8.0,9.0,10.0,11.0
gee_lst\Bologna_LST_2026_summer_mean_30m.tif,156437,39.52573013305664,3.5425188541412354,30.09095001220703,33.044677734375,37.045066833496094,40.09238815307617,42.1009407043457,44.6237907409668,52.62794494628906
gee_lst\Bologna_LST_2026_summer_median_30m.tif,156437,40.93876647949219,3.49967622756958,30.980255126953125,34.603355407714844,38.477684020996094,41.451358795166016,43.44919204711914,46.12550354003906,53.3990478515625
gee_lst\Bologna_LST_2026_summer_validObsCount_30m.tif,156437,10.896066665649414,0.7724437117576599,7.0,10.0,10.0,11.0,11.0,12.0,12.0
hotspots\hotspot_structural_2013_top5pct.tif,156437,0.05354231968522072,0.22511228919029236,0.0,0.0,0.0,0.0,0.0,1.0,1.0
hotspots\hotspot_structural_2014_top5pct.tif,156437,0.05692387372255325,0.23169711232185364,0.0,0.0,0.0,0.0,0.0,1.0,1.0
hotspots\hotspot_structural_2015_top5pct.tif,156437,0.061897121369838715,0.24096859991550446,0.0,0.0,0.0,0.0,0.0,1.0,1.0
hotspots\hotspot_structural_2016_top5pct.tif,156437,0.06609689444303513,0.24845139682292938,0.0,0.0,0.0,0.0,0.0,1.0,1.0
hotspots\hotspot_structural_2017_top5pct.tif,156437,0.045059673488140106,0.20743504166603088,0.0,0.0,0.0,0.0,0.0,0.0,1.0
hotspots\hotspot_structural_2018_top5pct.tif,156437,0.06814244389533997,0.2519901990890503,0.0,0.0,0.0,0.0,0.0,1.0,1.0
hotspots\hotspot_structural_2019_top5pct.tif,156428,0.05798833817243576,0.23372140526771545,0.0,0.0,0.0,0.0,0.0,1.0,1.0
hotspots\hotspot_structural_2020_top5pct.tif,156336,0.05474106967449188,0.2274741232395172,0.0,0.0,0.0,0.0,0.0,1.0,1.0
hotspots\hotspot_structural_2021_top5pct.tif,156433,0.04569368436932564,0.20881995558738708,0.0,0.0,0.0,0.0,0.0,0.0,1.0
hotspots\hotspot_structural_2022_top5pct.tif,156437,0.04892704263329506,0.21571551263332367,0.0,0.0,0.0,0.0,0.0,0.0,1.0
hotspots\hotspot_structural_2023_top5pct.tif,156434,0.05431044474244118,0.22662924230098724,0.0,0.0,0.0,0.0,0.0,1.0,1.0
hotspots\hotspot_structural_2024_top5pct.tif,156437,0.05832379683852196,0.23435470461845398,0.0,0.0,0.0,0.0,0.0,1.0,1.0
hotspots\hotspot_structural_2025_top5pct.tif,156437,0.044452399015426636,0.20609797537326813,0.0,0.0,0.0,0.0,0.0,0.0,1.0
hotspots\hotspot_structural_2026_top5pct.tif,156437,0.03808562085032463,0.19140298664569855,0.0,0.0,0.0,0.0,0.0,0.0,1.0
hotspots\hotspot_structural_persistence_2013_2026.tif,156437,0.7541438341140747,2.3563833236694336,0.0,0.0,0.0,0.0,0.0,5.0,14.0
hotspots\hotspot_structural_vs_anomalous_new_2026.tif,156437,0.1799190789461136,0.5645438432693481,0.0,0.0,0.0,0.0,0.0,2.0,3.0
hotspots\hotspot_structural_vs_anomalous_persistence_new_2013_2026.tif,156437,202.0537109375,76.44315338134766,0.0,100.0,114.0,200.0,213.0,301.0,601.0
hotspots\hotspot_temporal_2013_zgt1p0.tif,156437,0.058394115418195724,0.2344871610403061,0.0,0.0,0.0,0.0,0.0,1.0,1.0
hotspots\hotspot_temporal_2013_zgt1p5.tif,156437,0.009658840484917164,0.09780361503362656,0.0,0.0,0.0,0.0,0.0,0.0,1.0
hotspots\hotspot_temporal_2014_zgt1p0.tif,156437,0.0,0.0,0.0,0.0,0.0,0.0,0.0,0.0,0.0
hotspots\hotspot_temporal_2014_zgt1p5.tif,156437,0.0,0.0,0.0,0.0,0.0,0.0,0.0,0.0,0.0
hotspots\hotspot_temporal_2015_zgt1p0.tif,156437,0.06640373170375824,0.24898648262023926,0.0,0.0,0.0,0.0,0.0,1.0,1.0
hotspots\hotspot_temporal_2015_zgt1p5.tif,156437,0.003630854655057192,0.060147080570459366,0.0,0.0,0.0,0.0,0.0,0.0,1.0
hotspots\hotspot_temporal_2016_zgt1p0.tif,156437,0.0029532655607908964,0.0542636476457119,0.0,0.0,0.0,0.0,0.0,0.0,1.0
hotspots\hotspot_temporal_2016_zgt1p5.tif,156437,0.0003068327787332237,0.017513956874608994,0.0,0.0,0.0,0.0,0.0,0.0,1.0
hotspots\hotspot_temporal_2017_zgt1p0.tif,156437,0.27536964416503906,0.4467003643512726,0.0,0.0,0.0,0.0,1.0,1.0,1.0
hotspots\hotspot_temporal_2017_zgt1p5.tif,156437,0.09658201038837433,0.29538774490356445,0.0,0.0,0.0,0.0,0.0,1.0,1.0
hotspots\hotspot_temporal_2018_zgt1p0.tif,156437,0.5246968269348145,0.4993896782398224,0.0,0.0,0.0,1.0,1.0,1.0,1.0
hotspots\hotspot_temporal_2018_zgt1p5.tif,156437,0.28786027431488037,0.45276567339897156,0.0,0.0,0.0,0.0,1.0,1.0,1.0
hotspots\hotspot_temporal_2019_zgt1p0.tif,156428,0.002876722952350974,0.05355788767337799,0.0,0.0,0.0,0.0,0.0,0.0,1.0
hotspots\hotspot_temporal_2019_zgt1p5.tif,156428,0.00023013782629277557,0.015168549492955208,0.0,0.0,0.0,0.0,0.0,0.0,1.0
hotspots\hotspot_temporal_2020_zgt1p0.tif,156336,0.011929433792829514,0.10856851935386658,0.0,0.0,0.0,0.0,0.0,0.0,1.0
hotspots\hotspot_temporal_2020_zgt1p5.tif,156336,0.0012537100119516253,0.03538556024432182,0.0,0.0,0.0,0.0,0.0,0.0,1.0
hotspots\hotspot_temporal_2021_zgt1p0.tif,156433,0.5174611210823059,0.4996950030326843,0.0,0.0,0.0,1.0,1.0,1.0,1.0
hotspots\hotspot_temporal_2021_zgt1p5.tif,156433,0.20446452498435974,0.40330976247787476,0.0,0.0,0.0,0.0,0.0,1.0,1.0
hotspots\hotspot_temporal_2022_zgt1p0.tif,156437,0.3439275920391083,0.475017249584198,0.0,0.0,0.0,0.0,1.0,1.0,1.0
hotspots\hotspot_temporal_2022_zgt1p5.tif,156437,0.08175814896821976,0.27399590611457825,0.0,0.0,0.0,0.0,0.0,1.0,1.0
hotspots\hotspot_temporal_2023_zgt1p0.tif,156434,0.09760026633739471,0.29677340388298035,0.0,0.0,0.0,0.0,0.0,1.0,1.0
hotspots\hotspot_temporal_2023_zgt1p5.tif,156434,0.019215771928429604,0.13728263974189758,0.0,0.0,0.0,0.0,0.0,0.0,1.0
hotspots\hotspot_temporal_2024_zgt1p0.tif,156437,0.017495861276984215,0.13110971450805664,0.0,0.0,0.0,0.0,0.0,0.0,1.0
hotspots\hotspot_temporal_2024_zgt1p5.tif,156437,0.0010419529862701893,0.03226247429847717,0.0,0.0,0.0,0.0,0.0,0.0,1.0
hotspots\hotspot_temporal_2025_zgt1p0.tif,156437,0.022993281483650208,0.14988191425800323,0.0,0.0,0.0,0.0,0.0,0.0,1.0
hotspots\hotspot_temporal_2025_zgt1p5.tif,156437,0.0024994087871164083,0.04993157088756561,0.0,0.0,0.0,0.0,0.0,0.0,1.0
hotspots\hotspot_temporal_2026_zgt1p0.tif,156437,0.07091672718524933,0.25668570399284363,0.0,0.0,0.0,0.0,0.0,1.0,1.0
hotspots\hotspot_temporal_2026_zgt1p5.tif,156437,0.010246936231851578,0.10070718824863434,0.0,0.0,0.0,0.0,0.0,0.0,1.0
hotspots\hotspot_temporal_persistence_2013_2026.tif,156437,2.012995719909668,0.7655251622200012,0.0,1.0,1.0,2.0,2.0,3.0,6.0
hotspots\hotspot_temporal_persistence_ge_3.tif,156437,0.2444370537996292,0.4297529458999634,0.0,0.0,0.0,0.0,0.0,1.0,1.0
webapp_rasters\Albedo_2026_summer_10m.tif,1407929,0.1883600354194641,0.04037484899163246,0.02419980987906456,0.1328752040863037,0.1637805700302124,0.18493154644966125,0.20960330963134766,0.2479744851589203,1.0213338136672974
webapp_rasters\Albedo_2026_summer_30m.tif,156437,0.18835590779781342,0.03606797009706497,0.024790961295366287,0.14114715158939362,0.16553279757499695,0.18404728174209595,0.2074819952249527,0.24456936120986938,0.7964964509010315
webapp_rasters\anomaly_2026_summer_30m.tif,156437,0.5344401597976685,1.2980952262878418,-10.338775634765625,-1.2672523260116577,-0.22815322875976562,0.40576934814453125,1.2459907531738281,2.6740188598632812,9.094619750976562
webapp_rasters\climatology_mean_2013_2026_30m.tif,156437,40.404327392578125,3.7036471366882324,30.155778884887695,33.32294464111328,38.08388137817383,41.05487060546875,42.93880844116211,45.66739273071289,54.2729606628418
webapp_rasters\DeltaLST_2026_summer_1km.tif,138,7.069104194641113,0.9859617948532104,5.0127272605896,5.369272708892822,6.323636531829834,7.156363487243652,7.832273006439209,8.595545768737793,8.9745454788208
webapp_rasters\hotspot_structural_persistence_2013_2026.tif,156437,0.7541438341140747,2.3563833236694336,0.0,0.0,0.0,0.0,0.0,5.0,14.0
webapp_rasters\hotspot_structural_vs_anomalous_2026.tif,156437,0.1799190789461136,0.5645438432693481,0.0,0.0,0.0,0.0,0.0,2.0,3.0
webapp_rasters\hotspot_temporal_2026_summer_30m.tif,156437,0.07091672718524933,0.25668570399284363,0.0,0.0,0.0,0.0,0.0,1.0,1.0
webapp_rasters\hotspot_temporal_persistence_2013_2026.tif,156437,2.012995719909668,0.7655251622200012,0.0,1.0,1.0,2.0,2.0,3.0,6.0
webapp_rasters\HRI_2026_summer_30m.tif,156437,0.28821811079978943,0.14050230383872986,-0.5741928815841675,0.036670755594968796,0.18843165040016174,0.30838125944137573,0.3908114433288574,0.4892617166042328,0.8597778677940369
webapp_rasters\HVI_2026_summer_30m.tif,156437,-0.26046517491340637,0.2786388695240021,-0.9121657013893127,-0.7413809895515442,-0.4689164459705353,-0.24826541543006897,-0.04228430986404419,0.16528674960136414,0.5546746253967285
webapp_rasters\LST_2026_summer_30m.tif,156437,40.93876647949219,3.49967622756958,30.980255126953125,34.603355407714844,38.477684020996094,41.451358795166016,43.44919204711914,46.12550354003906,53.3990478515625
webapp_rasters\NDVI_2026_summer_30m.tif,156437,0.4940522611141205,0.23704320192337036,-0.4762939512729645,0.10462188720703125,0.3042910397052765,0.5054311156272888,0.6883077025413513,0.8623450994491577,0.9250243306159973
webapp_rasters\UHEI_2026_summer_30m.tif,156437,1.5764943361282349,0.27539604902267456,0.8681609034538269,1.10481858253479,1.3678030967712402,1.5894323587417603,1.7924926280975342,1.9948220252990723,2.470369577407837
webapp_rasters\zscore_spatial_2026_summer_30m.tif,156437,0.09066729247570038,0.9055891633033752,-2.486234664916992,-1.5487078428268433,-0.5461722016334534,0.22330687940120697,0.7402735948562622,1.4328058958053589,3.3149352073669434
webapp_rasters\zscore_temporal_2026_summer_30m.tif,156437,0.23621374368667603,0.49663618206977844,-2.3365612030029297,-0.5121447443962097,-0.10697366297245026,0.18955741822719574,0.5604948997497559,1.0936201810836792,2.635359287261963
